5E-CF-7F-01-85-56,5ECF7F018556,5C-CF-7F-01-85-56,5CCF7F018556
5E-CF-7F-01-85-56,5ECF7F018556,5C-CF-7F-01-85-56,5CCF7F018556
1A-FE-34-F3-A0-50,1AFE34F3A050,18-FE-34-F3-A0-50,18FE34F3A050
1A-FE-34-F3-A0-50,1AFE34F3A050,18-FE-34-F3-A0-50,18FE34F3A050
1A-FE-34-F3-A0-50,1AFE34F3A050,18-FE-34-F3-A0-50,18FE34F3A050
1A-FE-34-F3-A0-50,1AFE34F3A050,18-FE-34-F3-A0-50,18FE34F3A050
1A-FE-34-F3-A0-50,1AFE34F3A050,18-FE-34-F3-A0-50,18FE34F3A050
5E-CF-7F-05-BE-3C,5ECF7F05BE3C,5C-CF-7F-05-BE-3C,5CCF7F05BE3C
5E-CF-7F-05-BE-3C,5ECF7F05BE3C,5C-CF-7F-05-BE-3C,5CCF7F05BE3C
5E-CF-7F-05-BE-3C,5ECF7F05BE3C,5C-CF-7F-05-BE-3C,5CCF7F05BE3C
5E-CF-7F-05-BE-3C,5ECF7F05BE3C,5C-CF-7F-05-BE-3C,5CCF7F05BE3C
5E-CF-7F-05-BE-3C,5ECF7F05BE3C,5C-CF-7F-05-BE-3C,5CCF7F05BE3C
5E-CF-7F-05-BE-3C,5ECF7F05BE3C,5C-CF-7F-05-BE-3C,5CCF7F05BE3C
5E-CF-7F-05-BE-32,5ECF7F05BE32,5C-CF-7F-05-BE-32,5CCF7F05BE32
5E-CF-7F-05-BE-32,5ECF7F05BE32,5C-CF-7F-05-BE-32,5CCF7F05BE32
5E-CF-7F-05-BF-4B,5ECF7F05BF4B,5C-CF-7F-05-BF-4B,5CCF7F05BF4B
5E-CF-7F-05-BE-3C,5ECF7F05BE3C,5C-CF-7F-05-BE-3C,5CCF7F05BE3C
5E-CF-7F-05-BE-3C,5ECF7F05BE3C,5C-CF-7F-05-BE-3C,5CCF7F05BE3C
5E-CF-7F-05-BF-4B,5ECF7F05BF4B,5C-CF-7F-05-BF-4B,5CCF7F05BF4B
5E-CF-7F-05-BF-4D,5ECF7F05BF4D,5C-CF-7F-05-BF-4D,5CCF7F05BF4D
5E-CF-7F-05-BC-58,5ECF7F05BC58,5C-CF-7F-05-BC-58,5CCF7F05BC58
5E-CF-7F-05-BC-58,5ECF7F05BC58,5C-CF-7F-05-BC-58,5CCF7F05BC58
5E-CF-7F-05-BC-58,5ECF7F05BC58,5C-CF-7F-05-BC-58,5CCF7F05BC58
5E-CF-7F-05-BC-58,5ECF7F05BC58,5C-CF-7F-05-BC-58,5CCF7F05BC58
5E-CF-7F-05-BE-32,5ECF7F05BE32,5C-CF-7F-05-BE-32,5CCF7F05BE32
5E-CF-7F-05-BE-32,5ECF7F05BE32,5C-CF-7F-05-BE-32,5CCF7F05BE32
5E-CF-7F-05-BE-3C,5ECF7F05BE3C,5C-CF-7F-05-BE-3C,5CCF7F05BE3C
5E-CF-7F-05-BE-3C,5ECF7F05BE3C,5C-CF-7F-05-BE-3C,5CCF7F05BE3C
5E-CF-7F-05-BE-3C,5ECF7F05BE3C,5C-CF-7F-05-BE-3C,5CCF7F05BE3C
5E-CF-7F-05-BE-3C,5ECF7F05BE3C,5C-CF-7F-05-BE-3C,5CCF7F05BE3C
5E-CF-7F-05-BE-3C,5ECF7F05BE3C,5C-CF-7F-05-BE-3C,5CCF7F05BE3C
5E-CF-7F-05-BE-3C,5ECF7F05BE3C,5C-CF-7F-05-BE-3C,5CCF7F05BE3C
5E-CF-7F-05-BE-3C,5ECF7F05BE3C,5C-CF-7F-05-BE-3C,5CCF7F05BE3C
5E-CF-7F-05-BE-3C,5ECF7F05BE3C,5C-CF-7F-05-BE-3C,5CCF7F05BE3C
5E-CF-7F-05-BE-7F,5ECF7F05BE7F,5C-CF-7F-05-BE-7F,5CCF7F05BE7F
5E-CF-7F-09-CB-3C,5ECF7F09CB3C,5C-CF-7F-09-CB-3C,5CCF7F09CB3C
5E-CF-7F-09-CB-3C,5ECF7F09CB3C,5C-CF-7F-09-CB-3C,5CCF7F09CB3C
5E-CF-7F-09-CB-3D,5ECF7F09CB3D,5C-CF-7F-09-CB-3D,5CCF7F09CB3D
5E-CF-7F-09-CB-3C,5ECF7F09CB3C,5C-CF-7F-09-CB-3C,5CCF7F09CB3C
5E-CF-7F-09-CB-3C,5ECF7F09CB3C,5C-CF-7F-09-CB-3C,5CCF7F09CB3C
5E-CF-7F-09-CB-3D,5ECF7F09CB3D,5C-CF-7F-09-CB-3D,5CCF7F09CB3D
5E-CF-7F-09-CB-3C,5ECF7F09CB3C,5C-CF-7F-09-CB-3C,5CCF7F09CB3C
5E-CF-7F-09-CB-3D,5ECF7F09CB3D,5C-CF-7F-09-CB-3D,5CCF7F09CB3D
5E-CF-7F-09-CB-3C,5ECF7F09CB3C,5C-CF-7F-09-CB-3C,5CCF7F09CB3C
5E-CF-7F-09-CA-D4,5ECF7F09CAD4,5C-CF-7F-09-CA-D4,5CCF7F09CAD4
5E-CF-7F-09-CA-D4,5ECF7F09CAD4,5C-CF-7F-09-CA-D4,5CCF7F09CAD4
5E-CF-7F-09-CA-D4,5ECF7F09CAD4,5C-CF-7F-09-CA-D4,5CCF7F09CAD4
5E-CF-7F-09-CA-D4,5ECF7F09CAD4,5C-CF-7F-09-CA-D4,5CCF7F09CAD4
5E-CF-7F-09-CA-D4,5ECF7F09CAD4,5C-CF-7F-09-CA-D4,5CCF7F09CAD4
5E-CF-7F-05-BE-32,5ECF7F05BE32,5C-CF-7F-05-BE-32,5CCF7F05BE32
5E-CF-7F-05-BE-32,5ECF7F05BE32,5C-CF-7F-05-BE-32,5CCF7F05BE32
5E-CF-7F-09-CA-D4,5ECF7F09CAD4,5C-CF-7F-09-CA-D4,5CCF7F09CAD4
5E-CF-7F-09-CA-D4,5ECF7F09CAD4,5C-CF-7F-09-CA-D4,5CCF7F09CAD4
